[
  {
    "id": "6a427d5f-363a-42ef-8891-edb861a152a8",
    "data": [
      {
        "text": "Update on order ",
        "userDefined": false
      },
      {
        "text": "76543",
        "meta": "@sys.number",
        "alias": "order_number",
        "userDefined": false
      }
    ],
    "isTemplate": false,
    "count": 1,
    "lang": "en",
    "updated": 0
  },
  {
    "id": "a7238b92-7fc3-40b9-8804-b9aed6e66808",
    "data": [
      {
        "text": "Can you tell me about order #",
        "userDefined": false
      },
      {
        "text": "34567",
        "meta": "@sys.number",
        "alias": "order_number",
        "userDefined": false
      },
      {
        "text": "?",
        "userDefined": false
      }
    ],
    "isTemplate": false,
    "count": 0,
    "lang": "en",
    "updated": 0
  },
  {
    "id": "42972e04-878f-4f95-9c76-3dff3a08ee16",
    "data": [
      {
        "text": "Check status for order number ",
        "userDefined": false
      },
      {
        "text": "87654",
        "meta": "@sys.number",
        "alias": "order_number",
        "userDefined": false
      }
    ],
    "isTemplate": false,
    "count": 0,
    "lang": "en",
    "updated": 0
  },
  {
    "id": "03fee26a-91ce-4249-8bb2-f217db44422f",
    "data": [
      {
        "text": "Is my order ",
        "userDefined": false
      },
      {
        "text": "45678",
        "meta": "@sys.number",
        "alias": "order_number",
        "userDefined": false
      },
      {
        "text": " on its way?",
        "userDefined": false
      }
    ],
    "isTemplate": false,
    "count": 0,
    "lang": "en",
    "updated": 0
  },
  {
    "id": "8c8430f8-f5a2-4e9c-8eb4-f01ebf51572d",
    "data": [
      {
        "text": "Has order ",
        "userDefined": false
      },
      {
        "text": "13579",
        "meta": "@sys.number",
        "alias": "order_number",
        "userDefined": false
      },
      {
        "text": " shipped yet?",
        "userDefined": false
      }
    ],
    "isTemplate": false,
    "count": 0,
    "lang": "en",
    "updated": 0
  },
  {
    "id": "59a64ebb-8ccf-42af-9e9d-8c493b2333dc",
    "data": [
      {
        "text": "I\u0027d like to know the status of order #",
        "userDefined": false
      },
      {
        "text": "24680",
        "meta": "@sys.number",
        "alias": "order_number",
        "userDefined": false
      }
    ],
    "isTemplate": false,
    "count": 0,
    "lang": "en",
    "updated": 0
  },
  {
    "id": "ca83a05f-544e-45bb-92b7-6418a2cbec34",
    "data": [
      {
        "text": "Track order ",
        "userDefined": false
      },
      {
        "text": "98765",
        "meta": "@sys.number",
        "alias": "order_number",
        "userDefined": false
      }
    ],
    "isTemplate": false,
    "count": 0,
    "lang": "en",
    "updated": 0
  },
  {
    "id": "b0e36a12-cbaa-40e9-95a8-a63ccd5b47c1",
    "data": [
      {
        "text": "Where is my order number ",
        "userDefined": false
      },
      {
        "text": "54321",
        "meta": "@sys.number",
        "alias": "order_number",
        "userDefined": false
      },
      {
        "text": "?",
        "userDefined": false
      }
    ],
    "isTemplate": false,
    "count": 0,
    "lang": "en",
    "updated": 0
  },
  {
    "id": "9b30dfdc-71ff-45f2-afe6-1286d10e0dc6",
    "data": [
      {
        "text": "Can you check order ",
        "userDefined": false
      },
      {
        "text": "67890",
        "meta": "@sys.number",
        "alias": "order_number",
        "userDefined": false
      },
      {
        "text": " for me?",
        "userDefined": false
      }
    ],
    "isTemplate": false,
    "count": 0,
    "lang": "en",
    "updated": 0
  },
  {
    "id": "92ea9b2a-332e-4494-ab26-7bc381dca289",
    "data": [
      {
        "text": "What\u0027s the status of my order #",
        "userDefined": false
      },
      {
        "text": "12345",
        "meta": "@sys.number",
        "alias": "order_number",
        "userDefined": false
      },
      {
        "text": "?",
        "userDefined": false
      }
    ],
    "isTemplate": false,
    "count": 0,
    "lang": "en",
    "updated": 0
  },
  {
    "id": "38b53a2b-5765-47f8-a689-70584d84b786",
    "data": [
      {
        "text": "Is my order almost here yet?",
        "userDefined": false
      }
    ],
    "isTemplate": false,
    "count": 0,
    "lang": "en",
    "updated": 0
  },
  {
    "id": "6bdfe866-46a3-4e95-8c6f-94cc943d7f63",
    "data": [
      {
        "text": "Check order ",
        "userDefined": false
      },
      {
        "text": "123456",
        "meta": "@sys.number",
        "alias": "order_number",
        "userDefined": true
      }
    ],
    "isTemplate": false,
    "count": 0,
    "lang": "en",
    "updated": 0
  },
  {
    "id": "03b50981-ef43-432d-9d85-dcbb2d428571",
    "data": [
      {
        "text": "What\u0027s the status of my order?",
        "userDefined": false
      }
    ],
    "isTemplate": false,
    "count": 0,
    "lang": "en",
    "updated": 0
  },
  {
    "id": "8d0d568d-d4f0-4034-ab0c-99085e5ac23d",
    "data": [
      {
        "text": "Track order #",
        "userDefined": false
      },
      {
        "text": "12345",
        "meta": "@sys.number",
        "alias": "order_number",
        "userDefined": false
      }
    ],
    "isTemplate": false,
    "count": 0,
    "lang": "en",
    "updated": 0
  },
  {
    "id": "9fa8798f-4934-43e3-9851-62ac2c416d42",
    "data": [
      {
        "text": "Where is my order?",
        "userDefined": false
      }
    ],
    "isTemplate": false,
    "count": 0,
    "lang": "en",
    "updated": 0
  },
  {
    "id": "82c3320b-e3b4-476f-9a10-50a77e8e7b86",
    "data": [
      {
        "text": "Order Status #",
        "userDefined": false
      },
      {
        "text": "12345",
        "meta": "@sys.number",
        "alias": "order_number",
        "userDefined": false
      }
    ],
    "isTemplate": false,
    "count": 0,
    "lang": "en",
    "updated": 0
  }
]