[
  {
    "id": "898223f6-9c34-478a-b1ad-ebf151e99225",
    "data": [
      {
        "text": "I need help with ",
        "userDefined": false
      },
      {
        "text": "payment",
        "meta": "@faq-topic",
        "alias": "faq_topic",
        "userDefined": false
      },
      {
        "text": " options",
        "userDefined": false
      }
    ],
    "isTemplate": false,
    "count": 0,
    "lang": "en",
    "updated": 0
  },
  {
    "id": "f3cbb7f2-3379-436d-ba05-3941cb1a690e",
    "data": [
      {
        "text": "What\u0027s in your frequently asked questions?",
        "userDefined": false
      }
    ],
    "isTemplate": false,
    "count": 0,
    "lang": "en",
    "updated": 0
  },
  {
    "id": "77c285af-3c00-4b24-bf9d-8c1cd07aef06",
    "data": [
      {
        "text": "Can you answer some common questions?",
        "userDefined": false
      }
    ],
    "isTemplate": false,
    "count": 0,
    "lang": "en",
    "updated": 0
  },
  {
    "id": "7e192f0d-c941-4fd9-bb43-e938d6b6262e",
    "data": [
      {
        "text": "FAQs for ",
        "userDefined": false
      },
      {
        "text": "returns",
        "meta": "@faq-topic",
        "alias": "faq_topic",
        "userDefined": false
      }
    ],
    "isTemplate": false,
    "count": 0,
    "lang": "en",
    "updated": 0
  },
  {
    "id": "c132c71d-d755-4fa6-857d-7d0aabedbb28",
    "data": [
      {
        "text": "Tell me about ",
        "userDefined": false
      },
      {
        "text": "payment",
        "meta": "@faq-topic",
        "alias": "faq_topic",
        "userDefined": false
      },
      {
        "text": " methods",
        "userDefined": false
      }
    ],
    "isTemplate": false,
    "count": 0,
    "lang": "en",
    "updated": 0
  },
  {
    "id": "b16a9126-542f-4f7a-913a-30d18ec1d62c",
    "data": [
      {
        "text": "I have questions about ",
        "userDefined": false
      },
      {
        "text": "shipping",
        "meta": "@faq-topic",
        "alias": "faq_topic",
        "userDefined": false
      }
    ],
    "isTemplate": false,
    "count": 0,
    "lang": "en",
    "updated": 0
  },
  {
    "id": "330e052c-c4b3-4c1c-9c09-9d10cad4d9ba",
    "data": [
      {
        "text": "What are your FAQs?",
        "userDefined": false
      }
    ],
    "isTemplate": false,
    "count": 0,
    "lang": "en",
    "updated": 0
  }
]