[
  {
    "id": "42b52b6a-d505-47c3-b3da-356345580f6e",
    "data": [
      {
        "text": "What\u0027s the breakdown of order ",
        "userDefined": false
      },
      {
        "text": "76543",
        "meta": "@sys.number",
        "alias": "order_number",
        "userDefined": false
      },
      {
        "text": "?",
        "userDefined": false
      }
    ],
    "isTemplate": false,
    "count": 0,
    "lang": "en",
    "updated": 0
  },
  {
    "id": "4fc0cb87-504e-4a3b-b1ef-348df02dc4cd",
    "data": [
      {
        "text": "Tell me what I ordered in order ",
        "userDefined": false
      },
      {
        "text": "34567",
        "meta": "@sys.number",
        "alias": "order_number",
        "userDefined": false
      }
    ],
    "isTemplate": false,
    "count": 0,
    "lang": "en",
    "updated": 0
  },
  {
    "id": "e744703c-8bf8-4ccb-b2cd-0face7c786a9",
    "data": [
      {
        "text": "I need details on my purchase order #",
        "userDefined": false
      },
      {
        "text": "87654",
        "meta": "@sys.number",
        "alias": "order_number",
        "userDefined": false
      }
    ],
    "isTemplate": false,
    "count": 0,
    "lang": "en",
    "updated": 0
  },
  {
    "id": "bf75944f-05d2-4833-a987-26f6efdcbfd3",
    "data": [
      {
        "text": "Can I see what\u0027s in order ",
        "userDefined": false
      },
      {
        "text": "45678",
        "meta": "@sys.number",
        "alias": "order_number",
        "userDefined": false
      },
      {
        "text": "?",
        "userDefined": false
      }
    ],
    "isTemplate": false,
    "count": 0,
    "lang": "en",
    "updated": 0
  },
  {
    "id": "2702d42d-8a47-4c91-a881-0d0183686c6a",
    "data": [
      {
        "text": "What\u0027s included in my order ",
        "userDefined": false
      },
      {
        "text": "13579",
        "meta": "@sys.number",
        "alias": "order_number",
        "userDefined": false
      },
      {
        "text": "?",
        "userDefined": false
      }
    ],
    "isTemplate": false,
    "count": 0,
    "lang": "en",
    "updated": 0
  },
  {
    "id": "32cc8c3e-f478-4490-bfcc-af37ad462eee",
    "data": [
      {
        "text": "Show order ",
        "userDefined": false
      },
      {
        "text": "24680",
        "meta": "@sys.number",
        "alias": "order_number",
        "userDefined": false
      },
      {
        "text": " details",
        "userDefined": false
      }
    ],
    "isTemplate": false,
    "count": 0,
    "lang": "en",
    "updated": 0
  },
  {
    "id": "669b28c8-5c96-4a21-852b-bd471b093849",
    "data": [
      {
        "text": "What did I buy in order #",
        "userDefined": false
      },
      {
        "text": "98765",
        "meta": "@sys.number",
        "alias": "order_number",
        "userDefined": false
      },
      {
        "text": "?",
        "userDefined": false
      }
    ],
    "isTemplate": false,
    "count": 0,
    "lang": "en",
    "updated": 0
  },
  {
    "id": "b1edaa35-dfb9-4271-b1d9-523c6f04ca49",
    "data": [
      {
        "text": "Give me information about order ",
        "userDefined": false
      },
      {
        "text": "54321",
        "meta": "@sys.number",
        "alias": "order_number",
        "userDefined": false
      }
    ],
    "isTemplate": false,
    "count": 0,
    "lang": "en",
    "updated": 0
  },
  {
    "id": "6ed4fe59-d070-4997-8f1f-9ef29120bf77",
    "data": [
      {
        "text": "What items are in order ",
        "userDefined": false
      },
      {
        "text": "67890",
        "meta": "@sys.number",
        "alias": "order_number",
        "userDefined": false
      },
      {
        "text": "?",
        "userDefined": false
      }
    ],
    "isTemplate": false,
    "count": 0,
    "lang": "en",
    "updated": 0
  },
  {
    "id": "712b453b-37ef-4169-8f51-15b39c1182d5",
    "data": [
      {
        "text": "Show me details for order #",
        "userDefined": false
      },
      {
        "text": "12345",
        "meta": "@sys.number",
        "alias": "order_number",
        "userDefined": false
      }
    ],
    "isTemplate": false,
    "count": 0,
    "lang": "en",
    "updated": 0
  },
  {
    "id": "b0e5cac1-5672-407d-99c8-f4df759edffb",
    "data": [
      {
        "text": "Give me details on order ",
        "userDefined": false
      },
      {
        "text": "123456",
        "meta": "@sys.number",
        "alias": "order_number",
        "userDefined": false
      }
    ],
    "isTemplate": false,
    "count": 0,
    "lang": "en",
    "updated": 0
  },
  {
    "id": "da060195-88de-4867-8048-719726e02206",
    "data": [
      {
        "text": "Check order details for ",
        "userDefined": false
      },
      {
        "text": "123456",
        "meta": "@sys.number",
        "alias": "order_number",
        "userDefined": false
      }
    ],
    "isTemplate": false,
    "count": 0,
    "lang": "en",
    "updated": 0
  },
  {
    "id": "780a8bd0-e627-4e04-8c7c-3ff8145afeb2",
    "data": [
      {
        "text": "Order Details",
        "userDefined": false
      }
    ],
    "isTemplate": false,
    "count": 0,
    "lang": "en",
    "updated": 0
  }
]