[
  {
    "id": "7a62a9cd-f2a8-49f2-9ded-8f9664819a88",
    "data": [
      {
        "text": "I\u0027m looking for recommendations in ",
        "userDefined": false
      },
      {
        "text": "clothing",
        "meta": "@product-category",
        "alias": "product_category",
        "userDefined": false
      }
    ],
    "isTemplate": false,
    "count": 1,
    "lang": "en",
    "updated": 0
  },
  {
    "id": "c53e623b-42de-468e-abec-11bd79478918",
    "data": [
      {
        "text": "What are trending products in ",
        "userDefined": false
      },
      {
        "text": "electronics",
        "meta": "@product-category",
        "alias": "product_category",
        "userDefined": false
      },
      {
        "text": "?",
        "userDefined": false
      }
    ],
    "isTemplate": false,
    "count": 0,
    "lang": "en",
    "updated": 0
  },
  {
    "id": "e99f42a1-db6b-4658-bdbe-f51140cb3720",
    "data": [
      {
        "text": "Show me similar items to product ",
        "userDefined": false
      },
      {
        "text": "67890",
        "meta": "@sys.number",
        "alias": "product_id",
        "userDefined": false
      }
    ],
    "isTemplate": false,
    "count": 0,
    "lang": "en",
    "updated": 0
  },
  {
    "id": "1e2dd3bd-c302-4f1a-afd1-46c62970d038",
    "data": [
      {
        "text": "Can you suggest some accessories?",
        "userDefined": false
      }
    ],
    "isTemplate": false,
    "count": 0,
    "lang": "en",
    "updated": 0
  },
  {
    "id": "0b6c1da1-6079-43d7-bf9b-330620af0888",
    "data": [
      {
        "text": "What goes well with product ",
        "userDefined": false
      },
      {
        "text": "12345",
        "meta": "@sys.number",
        "alias": "product_id",
        "userDefined": false
      },
      {
        "text": "?",
        "userDefined": false
      }
    ],
    "isTemplate": false,
    "count": 0,
    "lang": "en",
    "updated": 0
  },
  {
    "id": "f689a713-023c-4c47-8c86-d5b1339f5721",
    "data": [
      {
        "text": "What are your bestsellers?",
        "userDefined": false
      }
    ],
    "isTemplate": false,
    "count": 0,
    "lang": "en",
    "updated": 0
  },
  {
    "id": "821287b8-7704-4f22-82fe-958eb620d462",
    "data": [
      {
        "text": "Recommend some ",
        "userDefined": false
      },
      {
        "text": "clothing",
        "meta": "@product-category",
        "alias": "product_category",
        "userDefined": false
      }
    ],
    "isTemplate": false,
    "count": 0,
    "lang": "en",
    "updated": 0
  },
  {
    "id": "ac38b910-5d0f-44ac-9929-df47f75a3b61",
    "data": [
      {
        "text": "Show me popular ",
        "userDefined": false
      },
      {
        "text": "electronics",
        "meta": "@product-category",
        "alias": "product_category",
        "userDefined": false
      }
    ],
    "isTemplate": false,
    "count": 0,
    "lang": "en",
    "updated": 0
  },
  {
    "id": "8ca9cf0c-457d-4e19-87f6-af16ebebc304",
    "data": [
      {
        "text": "What products do you recommend?",
        "userDefined": false
      }
    ],
    "isTemplate": false,
    "count": 0,
    "lang": "en",
    "updated": 0
  }
]