[
  {
    "id": "672d87ec-10ed-44db-8ed3-96918e5e7a0b",
    "data": [
      {
        "text": "Do you accept returns without receipts?",
        "userDefined": false
      }
    ],
    "isTemplate": false,
    "count": 0,
    "lang": "en",
    "updated": 0
  },
  {
    "id": "3728fbfa-8892-4985-b5f3-de8d0b003250",
    "data": [
      {
        "text": "What if my ",
        "userDefined": false
      },
      {
        "text": "clothing",
        "meta": "@product-category",
        "alias": "product_category",
        "userDefined": true
      },
      {
        "text": " doesn\u0027t fit?",
        "userDefined": false
      }
    ],
    "isTemplate": false,
    "count": 0,
    "lang": "en",
    "updated": 0
  },
  {
    "id": "df47362d-66eb-4fb4-8038-35aed73f3ecf",
    "data": [
      {
        "text": "Tell me about returns for ",
        "userDefined": false
      },
      {
        "text": "electronics",
        "meta": "@product-category",
        "alias": "product_category",
        "userDefined": true
      }
    ],
    "isTemplate": false,
    "count": 0,
    "lang": "en",
    "updated": 0
  },
  {
    "id": "57253816-a06e-457f-a13e-635d16c24d08",
    "data": [
      {
        "text": "How do I make a return?",
        "userDefined": false
      }
    ],
    "isTemplate": false,
    "count": 0,
    "lang": "en",
    "updated": 0
  },
  {
    "id": "270fb78b-95ea-4f3e-8b58-87e01d6ca900",
    "data": [
      {
        "text": "Can I exchange an item?",
        "userDefined": false
      }
    ],
    "isTemplate": false,
    "count": 0,
    "lang": "en",
    "updated": 0
  },
  {
    "id": "83dec880-128e-43d1-b05f-967f9aea5567",
    "data": [
      {
        "text": "What\u0027s your refund policy?",
        "userDefined": false
      }
    ],
    "isTemplate": false,
    "count": 0,
    "lang": "en",
    "updated": 0
  },
  {
    "id": "34269703-5cd0-4224-be13-a55b5809f603",
    "data": [
      {
        "text": "How many days do I have to return items?",
        "userDefined": false
      }
    ],
    "isTemplate": false,
    "count": 0,
    "lang": "en",
    "updated": 0
  },
  {
    "id": "4f20eacb-5a03-4078-8b51-c68123375567",
    "data": [
      {
        "text": "What\u0027s the policy for returning ",
        "userDefined": false
      },
      {
        "text": "clothing",
        "meta": "@product-category",
        "alias": "product_category",
        "userDefined": true
      },
      {
        "text": "?",
        "userDefined": false
      }
    ],
    "isTemplate": false,
    "count": 0,
    "lang": "en",
    "updated": 0
  },
  {
    "id": "8a9478c9-9b99-4327-95ad-b11daf44fde8",
    "data": [
      {
        "text": "Can I return ",
        "userDefined": false
      },
      {
        "text": "electronics",
        "meta": "@product-category",
        "alias": "product_category",
        "userDefined": true
      },
      {
        "text": "?",
        "userDefined": false
      }
    ],
    "isTemplate": false,
    "count": 0,
    "lang": "en",
    "updated": 0
  },
  {
    "id": "ef9835c5-41b0-4789-9c83-782777d61aa8",
    "data": [
      {
        "text": "What\u0027s your return policy?",
        "userDefined": false
      }
    ],
    "isTemplate": false,
    "count": 0,
    "lang": "en",
    "updated": 0
  }
]