[
  {
    "id": "d3f40633-5dda-4a5c-b1c7-c91581b9ef3b",
    "data": [
      {
        "text": "Is there a minimum for free shipping?",
        "userDefined": false
      }
    ],
    "isTemplate": false,
    "count": 0,
    "lang": "en",
    "updated": 0
  },
  {
    "id": "ed33b45d-9b9b-4d34-ab27-ce93984f063a",
    "data": [
      {
        "text": "When would I receive my order with ",
        "userDefined": false
      },
      {
        "text": "overnight",
        "meta": "@shipping-type",
        "alias": "shipping_type",
        "userDefined": true
      },
      {
        "text": " shipping?",
        "userDefined": false
      }
    ],
    "isTemplate": false,
    "count": 0,
    "lang": "en",
    "updated": 0
  },
  {
    "id": "98bcd84d-336f-491a-b332-11ae06b7806d",
    "data": [
      {
        "text": "How fast is ",
        "userDefined": false
      },
      {
        "text": "express",
        "meta": "@shipping-type",
        "alias": "shipping_type",
        "userDefined": true
      },
      {
        "text": " shipping?",
        "userDefined": false
      }
    ],
    "isTemplate": false,
    "count": 0,
    "lang": "en",
    "updated": 0
  },
  {
    "id": "551d5052-cd0b-4fb0-8693-709d7e37cbd6",
    "data": [
      {
        "text": "What\u0027s the cost of ",
        "userDefined": false
      },
      {
        "text": "standard",
        "meta": "@shipping-type",
        "alias": "shipping_type",
        "userDefined": true
      },
      {
        "text": " delivery?",
        "userDefined": false
      }
    ],
    "isTemplate": false,
    "count": 0,
    "lang": "en",
    "updated": 0
  },
  {
    "id": "9dd99a56-1612-4116-8e9b-515a84045bd2",
    "data": [
      {
        "text": "Do you have free shipping?",
        "userDefined": false
      }
    ],
    "isTemplate": false,
    "count": 0,
    "lang": "en",
    "updated": 0
  },
  {
    "id": "f604b96f-567b-4366-a7d5-58f01c28562e",
    "data": [
      {
        "text": "How much will I pay for shipping?",
        "userDefined": false
      }
    ],
    "isTemplate": false,
    "count": 0,
    "lang": "en",
    "updated": 0
  },
  {
    "id": "b13a8e35-7ee1-44a4-bc1c-b7b047f94175",
    "data": [
      {
        "text": "How long does ",
        "userDefined": false
      },
      {
        "text": "overnight",
        "meta": "@shipping-type",
        "alias": "shipping_type",
        "userDefined": true
      },
      {
        "text": " shipping take?",
        "userDefined": false
      }
    ],
    "isTemplate": false,
    "count": 0,
    "lang": "en",
    "updated": 0
  },
  {
    "id": "6bcf9011-af84-40d2-bab0-f38b4e4da413",
    "data": [
      {
        "text": "What shipping options do you offer?",
        "userDefined": false
      }
    ],
    "isTemplate": false,
    "count": 0,
    "lang": "en",
    "updated": 0
  },
  {
    "id": "ec670f83-2e34-4c4b-9734-de8819cc419d",
    "data": [
      {
        "text": "Tell me about ",
        "userDefined": false
      },
      {
        "text": "express",
        "meta": "@shipping-type",
        "alias": "shipping_type",
        "userDefined": true
      },
      {
        "text": " shipping",
        "userDefined": false
      }
    ],
    "isTemplate": false,
    "count": 0,
    "lang": "en",
    "updated": 0
  },
  {
    "id": "18f2c6a2-7de1-4d09-9246-de94ccd62378",
    "data": [
      {
        "text": "How much is ",
        "userDefined": false
      },
      {
        "text": "standard",
        "meta": "@shipping-type",
        "alias": "shipping_type",
        "userDefined": true
      },
      {
        "text": " shipping?",
        "userDefined": false
      }
    ],
    "isTemplate": false,
    "count": 0,
    "lang": "en",
    "updated": 0
  }
]